Method,Precision@5,Recall@5,MAP,nDCG@5,Mean_Satisfaction,Mean_Revenue,Run
Random,0.455,0.13460225666208975,0.47415730882338636,0.44284180907312637,0.4783143309560352,77.63509965012042,0
Relevance-Only,0.5833333333333334,0.17488595235865223,0.5709051419210572,0.5983589525020833,0.619239117900644,72.92033669501407,0
Revenue-Driven,0.43833333333333335,0.1276669427839252,0.45463465358047706,0.44890524729427195,0.4932570177479968,185.1738943437336,0
Static-Weighted-Sum,0.5666666666666667,0.16765028811363275,0.559112340890228,0.5683813172007258,0.7695388717197561,70.56657191695324,0
Popularity-Based,0.3483333333333334,0.10276092703038624,0.43441649897403706,0.3421524638885735,0.4192338639349505,82.34054377297196,0
Content-Based,0.5516666666666666,0.16368021223347476,0.5376606106715726,0.5223741818771729,0.5634355413408022,81.59702567810379,0
IMOHAG (HASMO),0.56,0.16619242180366658,0.5611489854473526,0.5735000329282559,0.7715068199748906,77.37244238417703,0
Random,0.41000000000000003,0.12459061772308845,0.46355441183955093,0.4163300982922889,0.4806889126150627,79.9739570495955,1
Relevance-Only,0.5533333333333333,0.169231233061333,0.5585447257297603,0.5687027171871172,0.6095734838581427,70.19457845811124,1
Revenue-Driven,0.29000000000000004,0.08837169658344278,0.4245713942071359,0.2777511238974502,0.30888506458748805,192.66647339538395,1
Static-Weighted-Sum,0.5549999999999999,0.17003760626715433,0.5570511152404239,0.5613535520314633,0.7692211668081502,66.38226928383565,1
Popularity-Based,0.435,0.13648378065850136,0.4900200971691211,0.42973364175371753,0.5302344720973629,77.55380084772663,1
Content-Based,0.48666666666666664,0.14778321943252454,0.5301922111602433,0.4789886447007813,0.5181346502504159,76.11207075522492,1
IMOHAG (HASMO),0.5583333333333333,0.17130133998928587,0.5561418550213036,0.5631585821000051,0.7684405429233744,75.2481865861544,1
Random,0.4216666666666667,0.1258476275242832,0.47312950367924717,0.42005037537708534,0.4342188562721154,85.52049607257744,2
Relevance-Only,0.63,0.1861291648297386,0.5908178495350891,0.6544860628024836,0.649265908268099,85.19753486101953,2
Revenue-Driven,0.4583333333333333,0.13669042522266375,0.4767442625886024,0.4506349923797401,0.4828316392359364,178.84909199770016,2
Static-Weighted-Sum,0.605,0.17800026488750575,0.580442638652263,0.6139240740739337,0.783132403526554,84.15598919681563,2
Popularity-Based,0.4516666666666667,0.13337254363974818,0.47144315687769084,0.43916828913130473,0.4146647529143588,72.8635814307871,2
Content-Based,0.5166666666666667,0.15331272619067915,0.5330771331241938,0.504728305985497,0.4534547511729768,85.29172763864597,2
IMOHAG (HASMO),0.6216666666666666,0.18275796553639298,0.5825638794861464,0.6300785199230814,0.7800822281097034,92.74138087572626,2
Random,0.44666666666666666,0.13301854204945132,0.4825631628256389,0.45097760874731996,0.48944633687931594,87.58074284212884,3
Relevance-Only,0.5516666666666666,0.16512059479017516,0.565529701776405,0.5558836886316363,0.6253243159912921,81.29155831925068,3
Revenue-Driven,0.4166666666666667,0.12427777402933884,0.46546529434156425,0.43440046171700025,0.5023344121525644,165.07507176646308,3
Static-Weighted-Sum,0.5666666666666667,0.16984619225255582,0.5710369391052991,0.5676981887100527,0.7735667828806058,82.38615047418608,3
Popularity-Based,0.4083333333333333,0.12198780480753997,0.4666775093095277,0.44939230065483915,0.47961462062971655,76.54724217026475,3
Content-Based,0.49833333333333335,0.1472407834322291,0.5268152801362891,0.4833771033979955,0.5139925678547638,84.31769555588866,3
IMOHAG (HASMO),0.5583333333333333,0.16646717313256382,0.569513375554683,0.561856150595567,0.78304516229447,96.80561584301294,3
Random,0.3716666666666667,0.11399676660815442,0.4388418509909835,0.36801797867792374,0.4415917987722727,89.34449711457152,4
Relevance-Only,0.6316666666666666,0.19828544781659263,0.5930260342133119,0.653201423000341,0.6321596145121873,81.49373865736283,4
Revenue-Driven,0.325,0.0982986949109156,0.42471758769138895,0.3160367051680076,0.3673177509662686,180.05218914311288,4
Static-Weighted-Sum,0.6066666666666667,0.19200744720809668,0.5813006064991271,0.6362368513981345,0.7739112545254421,81.95538037873642,4
Popularity-Based,0.47,0.1470571569744574,0.46957636222602944,0.4373550857975503,0.4370112282581472,104.59443584183379,4
Content-Based,0.5183333333333333,0.1609452452936603,0.5408729667788532,0.5344597524469595,0.5847870269433523,91.37418320285897,4
IMOHAG (HASMO),0.61,0.19362653328054963,0.5773360380230632,0.6347784552824648,0.7682977990277889,86.50142175689315,4
Random,0.4,0.1269642273563646,0.4470515310788565,0.3976761101225039,0.4548516643927501,82.7891515357794,5
Relevance-Only,0.5383333333333333,0.17544221266555196,0.5355440951292055,0.5354581552779123,0.5984796623878804,85.31509822492906,5
Revenue-Driven,0.4166666666666667,0.13534410482467082,0.45194013340596345,0.43463635965233727,0.5158946251052507,161.41620049029163,5
Static-Weighted-Sum,0.565,0.1841319951893801,0.5389065157709705,0.5635088679660001,0.7389671367499805,83.67578374689113,5
Popularity-Based,0.375,0.1205158185022652,0.4548163058493744,0.4192553537162669,0.4878433964351438,103.97332420983331,5
Content-Based,0.4683333333333334,0.15001129240575162,0.5020348654656093,0.4717117036133114,0.4728773854118184,83.63036730554593,5
IMOHAG (HASMO),0.5383333333333333,0.17374582530920868,0.5375927834748199,0.546981755084394,0.7439555910111386,97.0871161269525,5
Random,0.42,0.13101553407537556,0.4630039132340098,0.4327526218299953,0.46193671258628105,78.099293532091,6
Relevance-Only,0.6166666666666667,0.19185711909897532,0.5797115608579743,0.6339007725782995,0.6210524744568031,81.98082533321107,6
Revenue-Driven,0.52,0.16016726541021534,0.4983152099370062,0.5377541102217089,0.570003922174349,157.65440420301871,6
Static-Weighted-Sum,0.575,0.17872551584527455,0.566132127065237,0.5866033227642367,0.7664315009402866,84.84959130441074,6
Popularity-Based,0.47833333333333333,0.14836024175747725,0.5021798853064307,0.5125749630794303,0.5452422118696215,94.86409621672854,6
Content-Based,0.48000000000000004,0.14733217116722636,0.5319505294399383,0.5070328036830084,0.5169968193935348,77.82151594794206,6
IMOHAG (HASMO),0.5916666666666667,0.18328496027984517,0.5675757305670914,0.5955863016118064,0.7731037479946882,98.95568731518041,6
Random,0.43833333333333335,0.12126639651765006,0.497505527614175,0.4470650542105285,0.49527880891484516,93.71565936963931,7
Relevance-Only,0.6283333333333334,0.17658566564833392,0.6067636314622253,0.6314998549857685,0.6544703227180274,101.49248187660974,7
Revenue-Driven,0.47833333333333333,0.13579903580500902,0.5314401575115818,0.5281115682601794,0.5399719760815062,187.6531853836231,7
Static-Weighted-Sum,0.6383333333333334,0.17894960369157772,0.6028836161910642,0.6431655485142114,0.7919223826743271,105.0303282314726,7
Popularity-Based,0.5116666666666666,0.14243784547033078,0.5078518510641417,0.49207392292728486,0.5191645896808018,102.92627900620128,7
Content-Based,0.615,0.17358184071140334,0.5735856376024161,0.5989863434954863,0.5701056966819921,85.60180590968358,7
IMOHAG (HASMO),0.6233333333333333,0.1748995588080733,0.6069206704325095,0.6393306693160741,0.7947636869219237,126.34435491783114,7
Random,0.44000000000000006,0.1268230397533298,0.48299701906907394,0.45065643790332455,0.4721330751030254,77.12481369523499,8
Relevance-Only,0.6383333333333333,0.18782980609774255,0.5960387493164299,0.6480077252687103,0.678762214461205,76.07820649516542,8
Revenue-Driven,0.39666666666666667,0.11566932647856223,0.4673814680751409,0.40326744567767003,0.4463658548367878,166.46074288442432,8
Static-Weighted-Sum,0.5866666666666667,0.1717837412823363,0.5847551885390558,0.5987142730654916,0.8000806443579542,74.65962120442948,8
Popularity-Based,0.4583333333333333,0.13532874908496628,0.4833689099830541,0.4598698462045699,0.5576879455129308,91.96743788140495,8
Content-Based,0.5766666666666667,0.16838942897973386,0.5491045060406013,0.5621404838044775,0.5369372960513544,82.57780116038755,8
IMOHAG (HASMO),0.5916666666666667,0.173742342977065,0.5852517341426932,0.6018721456027353,0.8001122836381436,82.50174215749098,8
Random,0.43333333333333335,0.12627230178787652,0.4851504683086867,0.4369835135301225,0.48876361358730447,82.96983824951234,9
Relevance-Only,0.6066666666666667,0.17726525098503826,0.5817231318521033,0.618016374383902,0.6680727502278689,81.67338890316174,9
Revenue-Driven,0.4316666666666667,0.12433324880307174,0.472529286262119,0.4429107507166897,0.48898276923934786,188.5228420675524,9
Static-Weighted-Sum,0.6083333333333333,0.1768467259415216,0.5814976711241329,0.6101434719358657,0.7960188225461556,78.3302879904629,9
Popularity-Based,0.445,0.12972186182227738,0.4903706401212309,0.4472509975582278,0.5080610218287098,52.10732286517645,9
Content-Based,0.5066666666666666,0.1483077426133254,0.5401763035048652,0.49670360990917456,0.5383852265397215,89.80665571955505,9
IMOHAG (HASMO),0.5916666666666667,0.1711036068782215,0.5777369738077058,0.5968487664541918,0.8006106622288306,89.55495502176709,9
Random,0.375,0.11746033471459168,0.44230400799676334,0.38409677959632715,0.4077063435320607,90.3280636552673,10
Relevance-Only,0.5766666666666667,0.1834351034099486,0.5508029273328785,0.5932707345808433,0.6280279345007533,90.41858358178888,10
Revenue-Driven,0.4216666666666667,0.13162522283071817,0.46603290377548856,0.45171603522651604,0.5504670625137102,162.8950944626287,10
Static-Weighted-Sum,0.5683333333333334,0.18047577107561627,0.5440198339348713,0.5804922694101471,0.7710253912478763,95.95424469821091,10
Popularity-Based,0.385,0.12008959596904643,0.44913748586200164,0.4219126734003416,0.48277403843386674,108.64427695865774,10
Content-Based,0.48500000000000004,0.15356980294673794,0.5085768506175987,0.47752842820024066,0.4237978886523466,84.63698841878654,10
IMOHAG (HASMO),0.5666666666666667,0.1788389348296469,0.5480624128752798,0.5897012378285444,0.7814485016879289,108.40383684580857,10
Random,0.4316666666666667,0.1262056931576298,0.47648424038211556,0.4335526062598163,0.4468003667526665,89.98866911734311,11
Relevance-Only,0.5983333333333333,0.17627813547696775,0.5800160008073495,0.6060867003132685,0.6203213674092034,96.63243053285154,11
Revenue-Driven,0.39333333333333337,0.1168974104228681,0.47009371456903976,0.3538455128391751,0.34948657185078724,172.67646270825804,11
Static-Weighted-Sum,0.575,0.16861235949971815,0.5783868201398995,0.5854566267286337,0.7742688985514384,102.87577349825136,11
Popularity-Based,0.4816666666666667,0.1432605363893222,0.5106809807367407,0.5096232407916184,0.6068288600272191,103.4997722825308,11
Content-Based,0.5216666666666667,0.15516074340381952,0.5287898450501698,0.5188198611455254,0.483308922397102,82.26072132091035,11
IMOHAG (HASMO),0.5850000000000001,0.1719098271034938,0.5801218659019275,0.5964538449009,0.7790034223386144,105.43416356482568,11
Random,0.4233333333333334,0.12359267859065946,0.4698887865669507,0.417548938835,0.46404819961813004,82.38436397657112,12
Relevance-Only,0.6133333333333333,0.18086902908198674,0.5902902240006223,0.6248979525011672,0.6060571003761134,86.62405198367449,12
Revenue-Driven,0.46,0.13581530206580686,0.4615834076112208,0.41028265050792523,0.38534191475585405,179.17855929321001,12
Static-Weighted-Sum,0.6016666666666667,0.17538181749183399,0.5768180214951021,0.6093414398869437,0.7858837746656021,85.91072975813067,12
Popularity-Based,0.4066666666666667,0.12162091361541995,0.47072390124230995,0.40689842845218294,0.4430271403081236,76.04166459948756,12
Content-Based,0.5433333333333333,0.1625758539855323,0.5530102709537317,0.5557990124457096,0.5491226692234292,85.19772183963623,12
IMOHAG (HASMO),0.5983333333333333,0.17539458176530795,0.5748942318201955,0.6052826206452456,0.788257054960809,91.73200242028463,12
Random,0.44333333333333336,0.1229097268160988,0.49078541954445143,0.4377149277130486,0.48647384570729935,84.29154599345568,13
Relevance-Only,0.65,0.18263301604911344,0.605086726558349,0.6491827938385931,0.6350943186210968,88.38476710337855,13
Revenue-Driven,0.5216666666666667,0.14524756689644291,0.5283758702905401,0.5418915691051289,0.5895830232707426,160.38444921774686,13
Static-Weighted-Sum,0.635,0.17865661974434183,0.6002853499259435,0.6424870094877064,0.7730554484336162,83.90105378589601,13
Popularity-Based,0.405,0.1114245881911197,0.4839477179342632,0.3774146293596495,0.44072937322353967,79.7686153155261,13
Content-Based,0.5366666666666667,0.15065099893370018,0.567741115461624,0.544593522568334,0.535503510620779,74.53583878676231,13
IMOHAG (HASMO),0.625,0.17496190596139277,0.5983730826460546,0.6339612472128915,0.7785489835016627,100.36322669408996,13
Random,0.45666666666666667,0.1316027157562105,0.48920080871249455,0.44430873840167934,0.4883826545616718,83.38232367084917,14
Relevance-Only,0.61,0.17738794762387272,0.5947531292168854,0.6200203966406175,0.6713665441336294,78.40405006399233,14
Revenue-Driven,0.4966666666666667,0.14464880961221319,0.4971091617522028,0.48967021904426555,0.4552917994029815,170.00913860456654,14
Static-Weighted-Sum,0.6633333333333334,0.19227606372734415,0.6032674575937255,0.6643195127888814,0.7993460526581732,74.91697904015757,14
Popularity-Based,0.435,0.124504360930495,0.5089265203041962,0.473878700869362,0.5733505229216532,99.81342976767822,14
Content-Based,0.5416666666666666,0.15579637208311997,0.5567828808884826,0.5362816328504187,0.519578431470513,90.46280225817047,14
IMOHAG (HASMO),0.6433333333333333,0.1866391806389619,0.6021601376292699,0.6517629400426448,0.804924833660284,89.11427101440029,14
Random,0.41833333333333333,0.11878871568554736,0.4803522435098871,0.42422130769611055,0.4870855069600544,81.29623473144947,15
Relevance-Only,0.6283333333333334,0.18434380579177714,0.5964512479203876,0.6282233799610827,0.6379135101742315,80.17088816814142,15
Revenue-Driven,0.44000000000000006,0.12587405911848132,0.4679232244309277,0.3972126902507281,0.39951089762300424,147.89368461516366,15
Static-Weighted-Sum,0.62,0.1805978981442256,0.5872241167810839,0.6285415675430982,0.783173876580068,80.06630032138104,15
Popularity-Based,0.47833333333333333,0.13762594105334547,0.48625051684441206,0.47302894546623114,0.5482887328459285,82.87765395584448,15
Content-Based,0.5133333333333333,0.1495204863027613,0.5381666488803665,0.4940914392577202,0.5481241043231564,71.44461948084478,15
IMOHAG (HASMO),0.6066666666666667,0.1764226845029415,0.5865850648027947,0.6200945149302495,0.7835780243553049,90.80981737981475,15
Random,0.38833333333333336,0.1192171785186491,0.4414413508277869,0.38711393547140127,0.4456693566645098,79.93779522940082,16
Relevance-Only,0.5533333333333333,0.17500125626867113,0.5494407447324074,0.5540470736244385,0.5655073615041697,83.38470677280736,16
Revenue-Driven,0.42833333333333334,0.13303235789981147,0.4586665617100066,0.4076300606341246,0.40022628695339435,170.9070107885096,16
Static-Weighted-Sum,0.55,0.17361237507619087,0.5446687511705048,0.5558953604123187,0.7295219518201731,85.94796322589895,16
Popularity-Based,0.325,0.0984565162506339,0.42930916031674243,0.3261300691185827,0.4033129912755301,84.61381397303064,16
Content-Based,0.5483333333333333,0.17216773329582927,0.5361482257646556,0.5547766693306599,0.5237262370492866,84.93705065134377,16
IMOHAG (HASMO),0.545,0.17286559054264164,0.5423542779217772,0.5531030235982984,0.735335123888914,91.89436744176044,16
Random,0.38666666666666666,0.12213043256193411,0.4356711274887418,0.389001251370289,0.4215058813072775,85.20848482429251,17
Relevance-Only,0.5700000000000001,0.18434639534871733,0.5538348912932674,0.5829384117800418,0.6077394137202142,82.36127223885595,17
Revenue-Driven,0.3766666666666667,0.11873790561290562,0.4456766291355265,0.37309810289502676,0.4263772297010094,204.64770507606724,17
Static-Weighted-Sum,0.5783333333333334,0.18424014499575644,0.5557732217069834,0.5934783376348101,0.753844284483215,80.66967366012635,17
Popularity-Based,0.465,0.14726936988450146,0.4575410688370729,0.4388031190802509,0.4495227692127399,82.9931442222201,17
Content-Based,0.5116666666666666,0.1654232241142071,0.5117118061021695,0.5117672996103627,0.49172144505621257,78.87192002090119,17
IMOHAG (HASMO),0.5716666666666667,0.18257638954039881,0.5508696466986273,0.5829800622971921,0.7590196700636879,91.51127161994125,17
Random,0.4266666666666667,0.12433351166651409,0.47109779663038104,0.4267212876173281,0.4532244766597038,90.96672761262873,18
Relevance-Only,0.635,0.19000359180853693,0.6035892875276936,0.6480960590922584,0.6754146083278854,100.70292215226844,18
Revenue-Driven,0.45,0.13386330761975193,0.4896173715498302,0.4601274286900305,0.49179217334068837,166.11594632704504,18
Static-Weighted-Sum,0.6133333333333334,0.18375674595429947,0.6036190412031155,0.6443574750516767,0.8221400400518081,109.73431712803509,18
Popularity-Based,0.4766666666666667,0.14089001683905103,0.4790042280330668,0.48683003986307116,0.5469328981743447,100.87838730955258,18
Content-Based,0.5283333333333333,0.15891069515597547,0.5344118793579864,0.5166869454968096,0.5153999129258586,100.88747518720098,18
IMOHAG (HASMO),0.6266666666666667,0.18863954153562446,0.6039076501190686,0.6528902400819304,0.821115172686776,112.34695639906633,18
Random,0.4316666666666667,0.12060202263302798,0.49148331487439106,0.42595579564339964,0.4709101501489034,86.60367523716612,19
Relevance-Only,0.6283333333333334,0.17731158647035128,0.6033906635635164,0.6371571921907399,0.6434221623900311,89.93859925596678,19
Revenue-Driven,0.36500000000000005,0.10216401079285009,0.48247009687617926,0.4037542033863121,0.5128067180499033,178.61361412500153,19
Static-Weighted-Sum,0.6283333333333334,0.17745755226322746,0.6035596841066574,0.6355485348123951,0.7718610771788788,88.64813917008958,19
Popularity-Based,0.455,0.12658337893183952,0.4924786661555416,0.4347901932670593,0.4711226963156564,79.87547596719139,19
Content-Based,0.5366666666666667,0.151273645802343,0.5583569510072011,0.5234862358755629,0.5378358751020171,92.24764930796287,19
IMOHAG (HASMO),0.6333333333333333,0.17855202598166636,0.6035049035079195,0.6491477084763009,0.7818223577395953,99.82139917910634,19
Random,0.43333333333333335,0.1257218547777758,0.48156192634988304,0.4257889074637043,0.46381738123005467,76.19195558815998,20
Relevance-Only,0.6083333333333333,0.17864209166640796,0.5813684910554717,0.6132708485749852,0.6115149963853832,68.60664129216343,20
Revenue-Driven,0.37333333333333335,0.10866414695078266,0.4662668558494332,0.3850749016889707,0.48240483115002447,156.61038721259322,20
Static-Weighted-Sum,0.5916666666666667,0.17374076033376856,0.5760397617934859,0.6009593017915348,0.7696034974264178,70.06256970972645,20
Popularity-Based,0.425,0.12282232895100541,0.490675401405869,0.4225650841775424,0.47574466670205345,73.79485618391266,20
Content-Based,0.5116666666666666,0.15069543895885484,0.5458371435180278,0.5144367363083654,0.5071014868907695,79.87506289872482,20
IMOHAG (HASMO),0.5733333333333334,0.16870874409722447,0.5731536299789518,0.5853023459725002,0.7707542859258777,76.51837272517321,20
Random,0.4066666666666666,0.12121794121142115,0.4658105469863814,0.41877463636816187,0.4690863065156781,91.8646047160822,21
Relevance-Only,0.5466666666666666,0.16314744552907495,0.5547762559086622,0.5648651427462599,0.6124674371494243,83.92057192725885,21
Revenue-Driven,0.4566666666666667,0.1369352693821835,0.4544265763206806,0.4384448909996058,0.43870275486901034,207.05187684019242,21
Static-Weighted-Sum,0.5366666666666667,0.16000014366370033,0.5532072519066371,0.5547639123257778,0.7643642137278329,85.48069090089878,21
Popularity-Based,0.39166666666666666,0.11477214894326046,0.4796358858801238,0.4051577448385376,0.4271485292039361,73.99409460492572,21
Content-Based,0.49166666666666664,0.14792998812277147,0.5200353151407399,0.4738461459031394,0.4720922660105202,85.93046628758857,21
IMOHAG (HASMO),0.5533333333333333,0.16586911277751232,0.5532453622409822,0.5649906076430347,0.7630241089618158,100.96684629655512,21
Random,0.3983333333333334,0.12411065936102952,0.4444406273553971,0.401568978735552,0.43020656288378295,87.37321735438256,22
Relevance-Only,0.58,0.18443496706040455,0.5619279463680528,0.5943945303801603,0.6104601161935861,79.2405644050419,22
Revenue-Driven,0.4233333333333334,0.13336722519944522,0.4489782355610183,0.4315942540137099,0.5144173395050419,185.89735465472623,22
Static-Weighted-Sum,0.5416666666666666,0.1714099465337014,0.5429682807717907,0.5537943234460178,0.7715542678271586,81.43952890885443,22
Popularity-Based,0.4166666666666667,0.12942230165893343,0.43102174038753227,0.44622283017348996,0.4594079305682309,75.83631356243444,22
Content-Based,0.53,0.1684476721183798,0.5203260261544392,0.5118575995837696,0.5131777923019706,79.20604206009017,22
IMOHAG (HASMO),0.5383333333333333,0.17098050985510602,0.5397473897969282,0.5398850539960669,0.7712449054174149,91.8067006418241,22
Random,0.44833333333333336,0.12611326408905155,0.4889800752799504,0.44742488849336165,0.4589816655927571,81.02800710763539,23
Relevance-Only,0.6433333333333333,0.18403143387350548,0.5971068347386503,0.6572049480698484,0.6247121000001872,81.78891158051303,23
Revenue-Driven,0.47833333333333333,0.13421341974925063,0.48881330849515936,0.4892622486504994,0.5572549389183395,159.54516211664907,23
Static-Weighted-Sum,0.5783333333333334,0.16517118936555436,0.5710125576199341,0.5877804389532204,0.7595300026783185,90.03694287790046,23
Popularity-Based,0.46166666666666667,0.1299213024901543,0.49142928054923274,0.4789704153979056,0.4991116255457789,68.97053849653678,23
Content-Based,0.48166666666666663,0.1368222380589876,0.5390526609714885,0.4708376728222689,0.47852418913301037,81.70889366346094,23
IMOHAG (HASMO),0.5866666666666667,0.16769515661733658,0.575628431953852,0.6024141955754018,0.7660145602195113,99.64779372780269,23
Random,0.46166666666666667,0.12838455857002262,0.498573652282096,0.4563658530597777,0.5047332258991671,76.81855406930045,24
Relevance-Only,0.625,0.17467096856096048,0.5979668257671183,0.6451209174983379,0.6513912627769244,77.53516892304077,24
Revenue-Driven,0.46166666666666667,0.12819000499564,0.4850747726279676,0.43039677561717493,0.435869091931532,155.51662040892342,24
Static-Weighted-Sum,0.6066666666666667,0.16976489873956727,0.5807558623758398,0.617410347444841,0.7946206204339638,80.81748937037385,24
Popularity-Based,0.44666666666666666,0.12186493344770871,0.5195327517332057,0.44484847376350856,0.5070507828991012,64.30744583179323,24
Content-Based,0.5733333333333334,0.1598283742806054,0.5669445329491033,0.5776303280259193,0.563904927053536,78.78236208589848,24
IMOHAG (HASMO),0.6033333333333334,0.16843006217047138,0.5811875360852511,0.6214990734945961,0.7875113695510245,84.4419586373619,24
Random,0.44000000000000006,0.12011538090585573,0.5025174371720891,0.4308572860635478,0.501352450498539,78.34787368093255,25
Relevance-Only,0.605,0.16585472530546733,0.5873085085667807,0.6030740562494529,0.6444675288942019,73.2409600463909,25
Revenue-Driven,0.385,0.10339073397281938,0.4744214198197855,0.38261138991433596,0.4770816814270156,175.3526194592179,25
Static-Weighted-Sum,0.5933333333333334,0.16288605740988296,0.590439201680951,0.6125444652731401,0.7893549288919446,74.70887926488007,25
Popularity-Based,0.4266666666666667,0.11674975565077698,0.5122723475186162,0.4405434637737492,0.48271969901651046,74.74224072000992,25
Content-Based,0.5683333333333334,0.15438329622671393,0.572193886582294,0.5701630794526457,0.5680168477315324,80.85918941337823,25
IMOHAG (HASMO),0.6,0.16505267366157123,0.5872523402370753,0.610789618934632,0.7908976895577363,81.19376773737082,25
Random,0.41333333333333333,0.12372827557071736,0.4572672989164835,0.40499127323189893,0.4563091238275601,87.92636554258776,26
Relevance-Only,0.6083333333333333,0.18525689268660228,0.5825175295531319,0.6132342308470821,0.6119012997603179,88.66596896156692,26
Revenue-Driven,0.36833333333333335,0.11044128762571688,0.46438196143368626,0.3633479463102648,0.3598081959087351,164.57752877849694,26
Static-Weighted-Sum,0.6383333333333333,0.196180747682506,0.5940221504785193,0.6516106311608688,0.7442393449800501,91.18014656994953,26
Popularity-Based,0.43666666666666665,0.13159138665578798,0.4763382003298679,0.41949089746612667,0.4394891473154689,85.03873422898883,26
Content-Based,0.4966666666666667,0.15013362177032424,0.5239614829190977,0.5178621674643451,0.495249042807694,82.1836875955526,26
IMOHAG (HASMO),0.645,0.19792870572522106,0.5945594802355404,0.6565551491579592,0.7544108333282178,95.20019691893276,26
Random,0.42833333333333334,0.12448462812071642,0.48954109185956846,0.4401078292543525,0.467537626379225,86.49511722346422,27
Relevance-Only,0.64,0.18491997985276018,0.5966357769887405,0.6571161009009766,0.6286449013314434,99.87780948224652,27
Revenue-Driven,0.51,0.1461444377044138,0.513844405263322,0.5129978914948322,0.5645669266325675,177.96723604383152,27
Static-Weighted-Sum,0.625,0.18241684748604423,0.5967751163621156,0.645872765817226,0.7685678034564886,109.26458535937816,27
Popularity-Based,0.5416666666666666,0.15755101660409407,0.5044210616058641,0.5596611522019048,0.5404617940137068,94.46410341659649,27
Content-Based,0.565,0.1613499094289746,0.5563339585143579,0.5724974763255491,0.5642544252286714,79.63788260972191,27
IMOHAG (HASMO),0.64,0.18638779602065372,0.5954666958537451,0.6512842022015624,0.7741780574252087,122.93358304811618,27
Random,0.39,0.12252764128660111,0.4468271898256636,0.3877001969256427,0.39086490838578586,88.90531841455837,28
Relevance-Only,0.5966666666666666,0.19037570060415498,0.5655850464887056,0.6172478253114164,0.614934978399139,89.67946719049691,28
Revenue-Driven,0.39166666666666666,0.12283456109151862,0.441325172115539,0.37891110173225623,0.4181001600517972,179.61997815832189,28
Static-Weighted-Sum,0.5666666666666667,0.17905717823615588,0.5572949387515261,0.5858200409961791,0.7621710644975612,91.0271337491473,28
Popularity-Based,0.525,0.1655959518192406,0.5000310083653543,0.5302143422339431,0.5232708244510513,71.07277362364589,28
Content-Based,0.505,0.16077002008457286,0.5057325632172553,0.48597789410435976,0.45583730294090186,85.39200617331797,28
IMOHAG (HASMO),0.5816666666666667,0.18346553486490727,0.5558764440382304,0.5936188251545833,0.7620634259452296,96.46059569906015,28
Random,0.405,0.12379041305415144,0.4569209655805125,0.4054582692720542,0.4426136133435574,77.23927664432698,29
Relevance-Only,0.605,0.18564642572769507,0.5742765912804603,0.6113768936846622,0.6376757140267895,73.691815413214,29
Revenue-Driven,0.4066666666666667,0.12487247133241715,0.4542566800041107,0.4037399668248724,0.44572842066074664,170.2644251440689,29
Static-Weighted-Sum,0.605,0.1865854635417329,0.5763121264980718,0.6226579565643715,0.7643275727881886,74.21488459993117,29
Popularity-Based,0.40166666666666667,0.11938021966853235,0.4697437022959083,0.4038690874511026,0.4154587399272933,64.13552760826391,29
Content-Based,0.5283333333333333,0.16290184649801523,0.5342714232509225,0.5265872875995036,0.5307486464082911,87.81882497458984,29
IMOHAG (HASMO),0.5966666666666666,0.18424711769139013,0.5745337872599057,0.613865722803186,0.7574489466756722,80.98387488690435,29
